Sample,CYP2D6
HG00096,Normal
HG00097,Normal
HG00099,WholeDel1
HG00100,Normal
HG00101,Normal
HG00102,Normal
HG00103,Normal
HG00105,Normal
HG00106,Normal
HG00107,Normal
HG00108,Normal
HG00109,Normal
HG00110,Normal
HG00111,Normal
HG00112,Normal
HG00113,Normal
HG00114,Normal
HG00115,Normal
HG00116,Normal
HG00117,Normal
HG00118,Normal
HG00119,Normal
HG00120,Normal
HG00121,Normal
HG00122,Normal
HG00123,Normal
HG00125,Tandem1A
HG00126,Normal
HG00127,Tandem2A
HG00128,Normal
HG00129,Normal
HG00130,Normal
HG00131,Normal
HG00132,Normal
HG00133,Normal
HG00136,Normal
HG00137,Normal
HG00138,Normal
HG00139,Normal
HG00140,Normal
HG00141,Normal
HG00142,Normal
HG00143,Normal
HG00145,Normal
HG00146,Normal
HG00148,Normal
HG00149,Tandem2B
HG00150,Normal
HG00151,Normal
HG00154,Normal
HG00155,Normal
HG00157,Normal
HG00158,Normal
HG00159,Normal
HG00160,Normal
HG00171,Normal
HG00173,Normal
HG00174,Normal
HG00176,Normal
HG00177,Normal
HG00178,Normal
HG00179,WholeDup1
HG00180,Normal
HG00181,Normal
HG00182,Normal
HG00183,Normal
HG00185,Normal
HG00186,Normal
HG00187,Normal
HG00188,Normal
HG00189,Tandem3
HG00190,Normal
HG00231,Normal
HG00232,Normal
HG00233,Normal
HG00234,Tandem1A
HG00235,Normal
HG00236,Normal
HG00237,Normal
HG00238,Normal
HG00239,Normal
HG00240,Normal
HG00242,Normal
HG00243,Normal
HG00244,Normal
HG00245,Tandem1A
HG00246,Tandem1A
HG00250,Tandem1A
HG00251,Normal
HG00252,Normal
HG00253,Normal
HG00254,Normal
HG00255,Normal
HG00256,Normal
HG00257,Normal
HG00258,Normal
HG00259,Normal
HG00260,WholeDel1
HG00261,Normal
HG00262,Normal
HG00263,Normal
HG00264,Normal
HG00265,Normal
HG00266,Normal
HG00267,Normal
HG00268,Normal
HG00269,Normal
HG00271,Tandem1A
HG00272,WholeDup1
HG00273,Normal
HG00274,Normal
HG00275,Normal
HG00276,WholeDel1
HG00277,Tandem1A
HG00278,Normal
HG00280,Normal
HG00281,Normal
HG00282,Tandem1A
HG00284,Normal
HG00285,Normal
HG00288,Normal
HG00290,Tandem3
HG00304,Normal
HG00306,Normal
HG00308,Tandem1A
HG00309,Normal
HG00310,Tandem1A
HG00311,Normal
HG00313,Normal
HG00315,Normal
HG00318,Normal
HG00319,Tandem1A
HG00320,WholeDup1
HG00321,Normal
HG00323,Normal
HG00324,Normal
HG00325,Normal
HG00326,Normal
HG00327,Normal
HG00328,Tandem1A
HG00329,Normal
HG00330,WholeDup1
HG00331,Normal
HG00332,Normal
HG00334,Normal
HG00335,Normal
HG00336,Normal
HG00337,WholeDup1
HG00338,Normal
HG00339,Normal
HG00341,Normal
HG00342,Tandem1A
HG00343,Tandem1A
HG00344,Normal
HG00345,Normal
HG00346,Normal
HG00349,Normal
HG00350,Normal
HG00351,Normal
HG00353,Normal
HG00355,Tandem1A
HG00356,WholeDel1
HG00357,Normal
HG00358,Normal
HG00360,Normal
HG00361,Normal
HG00362,WholeDel1
HG00364,Normal
HG00365,Normal
HG00366,WholeDel1
HG00367,Normal
HG00368,Normal
HG00369,Normal
HG00371,Normal
HG00372,WholeDel1
HG00373,Normal
HG00375,Normal
HG00376,Normal
HG00378,Normal
HG00379,Normal
HG00380,Normal
HG00381,Normal
HG00382,Normal
HG00383,Tandem1A
HG00384,Normal
HG00403,Tandem2A
HG00404,Tandem2A
HG00406,Normal
HG00407,Tandem2A
HG00409,Normal
HG00410,Normal
HG00419,WholeDel1
HG00421,Tandem2A
HG00422,Normal
HG00428,Tandem2A
HG00436,WholeDup1
HG00437,Tandem2C
HG00442,Normal
HG00443,WholeDel1
HG00445,Tandem2B
HG00446,Normal
HG00448,Tandem2A
HG00449,Normal
HG00451,Normal
HG00452,Tandem2A
HG00457,WholeDup1
HG00458,Tandem2F
HG00463,Tandem2B
HG00464,Tandem2A
HG00472,Normal
HG00473,Normal
HG00475,Tandem2A
HG00476,Normal
HG00478,Tandem2A
HG00479,Tandem2B
HG00500,Tandem2A
HG00513,Normal
HG00524,Tandem2A
HG00525,Tandem2B
HG00530,Normal
HG00531,Normal
HG00533,Normal
HG00534,Tandem2B
HG00536,Normal
HG00537,Tandem2A
HG00542,Tandem2A
HG00543,Normal
HG00551,WholeDup1
HG00553,Tandem1A
HG00554,Normal
HG00556,Normal
HG00557,Tandem2A
HG00559,Normal
HG00560,Tandem2B
HG00565,Normal
HG00566,Tandem2A
HG00580,Normal
HG00581,Tandem2B
HG00583,Tandem2B
HG00584,Tandem2A
HG00589,Normal
HG00590,Tandem2A
HG00592,Normal
HG00593,Tandem2A
HG00595,Tandem2C
HG00596,Tandem2A
HG00598,Tandem2B
HG00599,Tandem2A
HG00607,Normal
HG00608,Tandem2B
HG00610,Tandem2A
HG00611,Normal
HG00613,Normal
HG00614,WholeDel1
HG00619,Tandem2A
HG00620,Normal
HG00622,Normal
HG00623,Tandem2C
HG00625,Tandem2B
HG00626,Normal
HG00628,Normal
HG00629,Tandem2A
HG00631,WholeDel1
HG00632,Tandem2A
HG00634,Normal
HG00637,Normal
HG00638,Normal
HG00640,Normal
HG00641,Normal
HG00650,Normal
HG00651,Normal
HG00653,Normal
HG00654,Tandem2A
HG00656,Tandem2B
HG00657,Normal
HG00662,Normal
HG00663,Normal
HG00671,Normal
HG00672,Tandem2A
HG00674,Normal
HG00675,Tandem2B
HG00683,Tandem2A
HG00684,Tandem2A
HG00689,Normal
HG00690,Tandem2A
HG00692,Tandem2B
HG00693,Tandem2A
HG00698,Normal
HG00699,Tandem2A
HG00701,Normal
HG00704,Tandem2A
HG00705,Normal
HG00707,WholeDel1
HG00708,Tandem2C
HG00717,Tandem2A
HG00728,Normal
HG00729,WholeDel1
HG00731,Tandem1A
HG00732,Normal
HG00734,Normal
HG00736,Normal
HG00737,Normal
HG00739,Normal
HG00740,Normal
HG00742,Normal
HG00743,Normal
HG00759,Tandem2B
HG00766,Normal
HG00844,Tandem2B
HG00851,Tandem2A
HG00864,Tandem2B
HG00867,Tandem2A
HG00879,Tandem2A
HG00881,Normal
HG00956,Tandem2A
HG00978,Tandem2A
HG00982,Normal
HG01028,Tandem2A
HG01029,Tandem2A
HG01031,Normal
HG01046,Tandem2A
HG01047,Normal
HG01048,Normal
HG01049,Normal
HG01051,Normal
HG01052,Normal
HG01054,Normal
HG01055,Normal
HG01058,Normal
HG01060,Normal
HG01061,Normal
HG01063,Normal
HG01064,Normal
HG01066,Normal
HG01067,Normal
HG01069,WholeDel1
HG01070,Normal
HG01072,Normal
HG01073,Normal
HG01075,Tandem1A
HG01077,Normal
HG01079,Normal
HG01080,Normal
HG01082,Normal
HG01083,Normal
HG01085,Normal
HG01086,Normal
HG01088,Normal
HG01089,Normal
HG01092,Normal
HG01094,Normal
HG01095,Normal
HG01097,WholeDup1
HG01098,Normal
HG01101,Normal
HG01102,Normal
HG01104,Normal
HG01105,Normal
HG01107,Normal
HG01108,Normal
HG01110,Normal
HG01111,Normal
HG01112,Normal
HG01113,Tandem1A
HG01119,Normal
HG01121,Normal
HG01122,Normal
HG01124,Normal
HG01125,Normal
HG01130,Normal
HG01131,Normal
HG01133,Normal
HG01134,Normal
HG01136,Normal
HG01137,Normal
HG01139,Normal
HG01140,Normal
HG01142,Normal
HG01148,Normal
HG01149,Normal
HG01161,WholeDel1
HG01162,WholeDup1
HG01164,Normal
HG01167,Normal
HG01168,Normal
HG01170,WholeDel1
HG01171,Normal
HG01173,Normal
HG01174,Normal
HG01176,Normal
HG01177,Normal
HG01182,Normal
HG01183,Normal
HG01187,WholeDel1
HG01188,Normal
HG01190,WholeDel1+Tandem1A
HG01191,Normal
HG01197,Normal
HG01198,WholeDup1
HG01200,Tandem1A
HG01204,Normal
HG01205,Normal
HG01241,Normal
HG01242,WholeDel1
HG01247,Normal
HG01248,Normal
HG01250,Normal
HG01251,Normal
HG01253,Normal
HG01254,Normal
HG01256,Tandem1B
HG01257,Normal
HG01259,WholeDel1
HG01260,Normal
HG01269,Normal
HG01271,Normal
HG01272,Normal
HG01275,Normal
HG01277,Normal
HG01280,Tandem1B
HG01281,WholeDel1
HG01284,Normal
HG01286,Tandem1A
HG01302,Normal
HG01303,Normal
HG01305,Normal
HG01308,Tandem1A
HG01311,Normal
HG01312,Normal
HG01323,Normal
HG01325,Normal
HG01326,Normal
HG01334,Normal
HG01341,Normal
HG01342,WholeDel1
HG01344,Normal
HG01345,Normal
HG01348,Normal
HG01350,Normal
HG01351,Normal
HG01353,Normal
HG01354,Normal
HG01356,Normal
HG01357,Normal
HG01359,Normal
HG01360,Normal
HG01362,Normal
HG01363,Normal
HG01365,Normal
HG01366,Normal
HG01369,Normal
HG01372,Normal
HG01374,Normal
HG01375,Normal
HG01377,Normal
HG01378,Normal
HG01383,Normal
HG01384,Normal
HG01389,Normal
HG01390,Normal
HG01392,Normal
HG01393,Normal
HG01395,Normal
HG01396,Normal
HG01398,Normal
HG01402,Normal
HG01403,Normal
HG01405,Normal
HG01412,Normal
HG01413,Normal
HG01414,Normal
HG01431,Normal
HG01432,Normal
HG01435,Normal
HG01437,Normal
HG01438,WholeDup1
HG01440,Normal
HG01441,Normal
HG01443,Normal
HG01444,Normal
HG01447,WholeDel1
HG01455,Normal
HG01456,Normal
HG01459,Normal
HG01461,Normal
HG01462,Normal
HG01464,Normal
HG01465,Normal
HG01468,Normal
HG01474,Normal
HG01479,Normal
HG01485,Normal
HG01486,Normal
HG01488,Normal
HG01489,Normal
HG01491,Normal
HG01492,Normal
HG01494,WholeDup1
HG01495,Normal
HG01497,Tandem1B
HG01498,Normal
HG01500,Normal
HG01501,Normal
HG01503,Tandem1A
HG01504,Normal
HG01506,Normal
HG01507,Normal
HG01509,Normal
HG01510,Normal
HG01512,Normal
HG01513,Normal
HG01515,Tandem1A
HG01516,Normal
HG01518,Normal
HG01519,Normal
HG01521,WholeDel1
HG01522,Tandem1A
HG01524,Normal
HG01525,WholeMultip1
HG01527,Normal
HG01528,Normal
HG01530,Normal
HG01531,Normal
HG01536,Tandem2A
HG01537,Normal
HG01550,Tandem1A
HG01551,WholeDel1
HG01556,Normal
HG01565,Normal
HG01566,Normal
HG01571,Normal
HG01572,WholeDup1
HG01577,Normal
HG01578,Normal
HG01583,Tandem1A
HG01586,Normal
HG01589,Tandem1B
HG01593,Normal
HG01595,Tandem2A
HG01596,Tandem2A
HG01597,Tandem2A
HG01598,Tandem2A
HG01599,Tandem2A
HG01600,Tandem2B
HG01602,Normal
HG01603,Normal
HG01605,Tandem1A
HG01606,Normal
HG01607,Normal
HG01608,Normal
HG01610,Normal
HG01612,Normal
HG01613,Normal
HG01615,Normal
HG01617,Tandem1A
HG01618,Normal
HG01619,Normal
HG01620,Tandem1A
HG01623,Normal
HG01624,WholeDup1
HG01625,Normal
HG01626,Normal
HG01628,WholeDup1
HG01630,WholeDup1
HG01631,Tandem2A
HG01632,Normal
HG01668,Normal
HG01669,Normal
HG01670,Normal
HG01672,Tandem1A
HG01673,Normal
HG01675,Normal
HG01676,Normal
HG01678,WholeDup1
HG01679,Normal
HG01680,Normal
HG01682,Tandem1A
HG01684,WholeDel1
HG01685,WholeDup1
HG01686,Normal
HG01694,Normal
HG01695,Normal
HG01697,Normal
HG01699,Normal
HG01700,Normal
HG01702,Normal
HG01704,Normal
HG01705,Normal
HG01707,Normal
HG01708,WholeDel1
HG01709,Normal
HG01710,Normal
HG01746,Tandem1A
HG01747,WholeDel1
HG01756,Normal
HG01757,Normal
HG01761,Normal
HG01762,Normal
HG01765,Normal
HG01766,Normal
HG01767,Normal
HG01768,Normal
HG01770,Tandem1A
HG01771,Tandem1A
HG01773,Normal
HG01775,Normal
HG01776,Normal
HG01777,WholeDel1
HG01779,WholeDup1
HG01781,Normal
HG01783,WholeDel1
HG01784,Tandem1A
HG01785,Normal
HG01786,Normal
HG01789,Normal
HG01790,Normal
HG01791,Normal
HG01794,WholeDel1
HG01795,Tandem2A
HG01796,Tandem2B
HG01797,WholeDel1
HG01798,Normal
HG01799,Tandem2B
HG01800,Tandem2A
HG01801,Normal
HG01802,Tandem2A
HG01804,Tandem2A
HG01805,Normal
HG01806,Normal
HG01807,Normal
HG01808,Tandem2A
HG01809,Normal
HG01810,Tandem2A
HG01811,Tandem2B
HG01812,Tandem2A
HG01813,Tandem2B
HG01815,Tandem2B
HG01816,Tandem2B
HG01817,Normal
HG01840,Tandem2A
HG01841,Tandem2B
HG01842,Normal
HG01843,Normal
HG01844,Tandem2A
HG01845,Normal
HG01846,Tandem2A
HG01847,Tandem2B
HG01848,Normal
HG01849,Tandem2A
HG01850,Tandem2B
HG01851,Tandem2B
HG01852,Tandem2A
HG01853,Tandem2A
HG01855,Tandem2A
HG01857,Tandem2A
HG01858,Tandem2B
HG01859,Tandem2A
HG01860,Tandem2A
HG01861,WholeDel1
HG01862,Tandem2A
HG01863,Normal
HG01864,Tandem2B
HG01865,Normal
HG01866,Tandem2B
HG01867,Normal
HG01868,Tandem2A
HG01869,Tandem2A
HG01870,Normal
HG01871,Normal
HG01872,Tandem2A
HG01873,Normal
HG01874,Tandem2B
HG01878,Normal
HG01879,Normal
HG01880,WholeDup1
HG01882,Normal
HG01883,Normal
HG01885,Normal
HG01886,Normal
HG01889,Normal
HG01890,WholeDel1
HG01892,WholeDel1
HG01893,WholeDel1
HG01894,WholeDup1
HG01896,WholeDel1
HG01912,Normal
HG01914,WholeDel1
HG01915,Normal
HG01917,Normal
HG01918,Normal
HG01920,Normal
HG01921,Normal
HG01923,Normal
HG01924,Normal
HG01926,Normal
HG01927,Normal
HG01932,Normal
HG01933,Normal
HG01935,Normal
HG01936,WholeMultip1
HG01938,WholeDup1
HG01939,Normal
HG01941,Normal
HG01942,Normal
HG01944,Normal
HG01945,Normal
HG01947,Normal
HG01948,Normal
HG01950,Normal
HG01951,Normal
HG01953,Normal
HG01954,Tandem1A
HG01956,Normal
HG01958,WholeMultip1
HG01961,Normal
HG01965,Normal
HG01967,Normal
HG01968,Normal
HG01970,Normal
HG01971,Normal
HG01973,Normal
HG01974,Normal
HG01976,Normal
HG01977,Normal
HG01979,Tandem1A
HG01980,Normal
HG01982,Normal
HG01985,WholeDel1
HG01986,Normal
HG01988,Normal
HG01989,Normal
HG01990,WholeDel1
HG01991,Normal
HG01992,Normal
HG01997,Normal
HG02002,Normal
HG02003,Normal
HG02006,WholeDel1
HG02008,Normal
HG02009,Normal
HG02010,Normal
HG02012,WholeDel1
HG02013,Normal
HG02014,Normal
HG02016,Tandem2A
HG02017,Tandem2A
HG02019,Tandem2A
HG02020,Tandem2A
HG02023,Tandem2A
HG02025,Tandem2A
HG02026,Tandem2A
HG02028,Tandem2A
HG02029,Tandem2B
HG02031,Normal
HG02032,Tandem2B
HG02035,Tandem2A
HG02040,Tandem2B
HG02047,WholeDup1
HG02048,Tandem2A
HG02049,Tandem2A
HG02050,Tandem2A
HG02051,WholeDup1
HG02052,WholeDup1
HG02053,Normal
HG02054,Normal
HG02057,Tandem2A
HG02058,Tandem2B
HG02060,Normal
HG02061,Normal
HG02064,Normal
HG02067,Tandem2B
HG02069,Tandem2B
HG02070,Tandem2A
HG02072,Normal
HG02073,Tandem2A
HG02075,Tandem2A
HG02076,Tandem2A
HG02078,Normal
HG02079,Normal
HG02081,Tandem2A
HG02082,Normal
HG02084,Tandem2B
HG02085,Tandem2A
HG02086,Tandem2A
HG02087,Tandem2B
HG02088,Tandem2A
HG02089,Normal
HG02090,Normal
HG02095,Normal
HG02102,Normal
HG02104,Normal
HG02105,Normal
HG02107,Normal
HG02108,WholeDup1
HG02111,WholeDup1
HG02113,Tandem2B
HG02116,Normal
HG02121,Tandem2B
HG02122,Tandem2A
HG02127,Tandem2F
HG02128,Tandem2A
HG02130,Normal
HG02131,Tandem2A
HG02133,Tandem2A
HG02134,Tandem2A
HG02136,Tandem2A
HG02137,Tandem2B
HG02138,Tandem2A
HG02139,Tandem2B
HG02140,Tandem2A
HG02141,Tandem2A
HG02142,Tandem2A
HG02143,Normal
HG02144,WholeDel1
HG02146,WholeDup1
HG02147,Normal
HG02150,Normal
HG02151,WholeDel1
HG02152,Tandem2A
HG02153,Tandem2B
HG02154,Normal
HG02155,Tandem2C
HG02156,Normal
HG02164,Tandem2C
HG02165,WholeDup1
HG02166,Normal
HG02178,Tandem2B
HG02179,Tandem2A
HG02180,Normal
HG02181,Normal
HG02182,Tandem2A
HG02184,Tandem2B
HG02185,Normal
HG02186,Tandem2A
HG02187,Normal
HG02188,Tandem2C
HG02190,Tandem2B
HG02215,Normal
HG02219,Normal
HG02220,Normal
HG02221,WholeDup1
HG02223,Normal
HG02224,WholeDup1
HG02230,Normal
HG02231,Normal
HG02232,Normal
HG02233,Normal
HG02235,Normal
HG02236,WholeDel1
HG02238,WholeDel1
HG02239,Normal
HG02250,Normal
HG02252,Normal
HG02253,Normal
HG02255,Normal
HG02256,Normal
HG02259,Normal
HG02260,Normal
HG02262,Normal
HG02265,Normal
HG02266,Normal
HG02271,Normal
HG02272,Normal
HG02274,Normal
HG02275,Normal
HG02277,Normal
HG02278,Normal
HG02281,Normal
HG02282,Normal
HG02283,Normal
HG02284,WholeDel1
HG02285,Normal
HG02286,Normal
HG02291,Normal
HG02292,Normal
HG02298,Normal
HG02299,WholeDel1
HG02301,WholeDup1
HG02304,Normal
HG02307,WholeDup1
HG02308,Normal
HG02309,Normal
HG02312,Tandem2A
HG02314,Normal
HG02315,Normal
HG02317,Normal
HG02318,Normal
HG02322,ParalogPartialDel1
HG02323,Normal
HG02325,WholeDup1
HG02330,Normal
HG02332,Normal
HG02334,WholeDel1
HG02337,Normal
HG02339,Normal
HG02343,Normal
HG02345,Normal
HG02348,Tandem1A
HG02351,Tandem2A
HG02353,Tandem2A
HG02355,Normal
HG02356,Tandem2A
HG02360,Tandem2B
HG02364,Tandem2A
HG02367,Normal
HG02371,Tandem2B
HG02373,Tandem2A
HG02374,Tandem2B
HG02375,Tandem2A
HG02379,Tandem2A
HG02380,Normal
HG02382,Tandem2A
HG02383,Tandem2B
HG02384,Normal
HG02385,Tandem2C
HG02386,Tandem2A
HG02389,Normal
HG02390,Tandem2B
HG02391,Normal
HG02392,Normal
HG02394,Normal
HG02395,Tandem2A
HG02396,Normal
HG02397,Tandem2A
HG02398,Tandem2B
HG02399,Normal
HG02401,Normal
HG02402,Tandem2B
HG02406,Tandem2A
HG02407,Normal
HG02408,Normal
HG02409,Normal
HG02410,Normal
HG02419,Normal
HG02420,Normal
HG02425,WholeDup1
HG02427,Normal
HG02429,Normal
HG02433,Tandem1A
HG02439,Normal
HG02442,Normal
HG02445,Normal
HG02449,Normal
HG02450,Normal
HG02455,WholeDel1
HG02461,Normal
HG02462,Normal
HG02464,Normal
HG02465,WholeDel1
HG02470,Normal
HG02471,Normal
HG02476,Normal
HG02477,Normal
HG02479,Normal
HG02481,Normal
HG02484,Normal
HG02485,Normal
HG02489,Normal
HG02490,Normal
HG02491,Normal
HG02493,Normal
HG02494,Normal
HG02496,Normal
HG02497,WholeMultip1
HG02501,WholeDel1
HG02502,Normal
HG02505,Normal
HG02508,WholeDup1
HG02511,Normal
HG02512,Normal
HG02513,Tandem2C
HG02521,Normal
HG02522,WholeDel1
HG02536,WholeDup1
HG02537,Normal
HG02541,WholeDel1
HG02545,Normal
HG02546,Normal
HG02549,Normal
HG02554,Tandem2A
HG02555,Normal
HG02557,Normal
HG02558,Normal
HG02561,Normal
HG02562,WholeDup1
HG02568,Normal
HG02570,Normal
HG02571,WholeDel1
HG02573,WholeDel1
HG02574,WholeDel1
HG02577,WholeDel1
HG02580,Normal
HG02582,Normal
HG02583,Normal
HG02585,WholeDup1
HG02586,Normal
HG02588,Normal
HG02589,WholeDup1
HG02594,Normal
HG02595,Normal
HG02597,Normal
HG02600,WholeDel1
HG02601,Normal
HG02603,Normal
HG02604,Normal
HG02610,Normal
HG02611,Normal
HG02613,Normal
HG02614,Normal
HG02620,Normal
HG02621,WholeDel1+Tandem1A
HG02623,Normal
HG02624,Normal
HG02628,Normal
HG02629,Normal
HG02634,Normal
HG02635,Normal
HG02642,Normal
HG02643,Normal
HG02645,Normal
HG02646,WholeDup1
HG02648,Normal
HG02649,Normal
HG02651,Tandem1A
HG02652,Normal
HG02654,Normal
HG02655,Normal
HG02657,Normal
HG02658,Normal
HG02660,Normal
HG02661,Normal
HG02666,Normal
HG02667,Normal
HG02675,Normal
HG02676,Normal
HG02678,WholeDel1Hom
HG02679,Normal
HG02681,Normal
HG02682,Normal
HG02684,Normal
HG02685,Normal
HG02687,Normal
HG02688,Normal
HG02690,Normal
HG02691,Normal
HG02694,Normal
HG02696,Normal
HG02697,Normal
HG02699,Normal
HG02700,Normal
HG02702,Normal
HG02703,WholeDel1
HG02715,Normal
HG02716,WholeDup1
HG02721,Normal
HG02722,Normal
HG02724,Normal
HG02725,Normal
HG02727,Normal
HG02728,Normal
HG02731,Normal
HG02733,Normal
HG02734,Normal
HG02736,Normal
HG02737,Normal
HG02756,Normal
HG02757,Normal
HG02759,Normal
HG02760,Normal
HG02763,Normal
HG02768,WholeDup1
HG02769,Normal
HG02771,Normal
HG02772,Normal
HG02774,Normal
HG02775,Normal
HG02778,Tandem1A
HG02780,Normal
HG02783,Normal
HG02784,Normal
HG02786,Normal
HG02787,Normal
HG02789,Normal
HG02790,Tandem1A
HG02792,Normal
HG02793,Normal
HG02798,Normal
HG02799,WholeDup1
HG02804,Normal
HG02805,Normal
HG02807,Normal
HG02808,Normal
HG02810,Normal
HG02811,Normal
HG02813,Normal
HG02814,Normal
HG02816,Normal
HG02817,Normal
HG02819,Normal
HG02820,WholeDup1
HG02836,Normal
HG02837,WholeDup1
HG02839,Normal
HG02840,Normal
HG02851,WholeDup1
HG02852,Normal
HG02854,Normal
HG02855,Normal
HG02860,Normal
HG02861,Normal
HG02870,Normal
HG02878,WholeDel1
HG02879,Normal
HG02881,Normal
HG02882,Normal
HG02884,Normal
HG02885,Normal
HG02887,Normal
HG02888,Normal
HG02890,Normal
HG02891,WholeDup1
HG02895,Normal
HG02896,Normal
HG02922,Normal
HG02923,WholeDup1
HG02938,WholeDel1Hom
HG02941,Normal
HG02943,Normal
HG02944,Normal
HG02946,Normal
HG02947,Normal
HG02952,Normal
HG02953,WholeDup1
HG02968,Normal
HG02970,Normal
HG02971,WholeDel1
HG02973,WholeDup1
HG02974,WholeDel1
HG02976,Normal
HG02977,WholeDup1
HG02979,Normal
HG02981,WholeDup1
HG02982,Normal
HG02983,Normal
HG03006,Tandem2A
HG03007,Normal
HG03009,WholeDel1
HG03012,WholeDel1
HG03015,Normal
HG03016,Normal
HG03018,Normal
HG03019,Normal
HG03021,Normal
HG03022,Normal
HG03024,Normal
HG03025,Normal
HG03027,WholeDup1
HG03028,Normal
HG03039,Normal
HG03040,Normal
HG03045,WholeDel1
HG03046,Normal
HG03048,Normal
HG03049,Normal
HG03052,Normal
HG03054,Normal
HG03055,WholeDup1
HG03057,Normal
HG03058,WholeMultip1
HG03060,Normal
HG03061,Normal
HG03063,Normal
HG03064,Normal
HG03066,WholeDel1
HG03069,Normal
HG03072,Normal
HG03073,Normal
HG03074,WholeDel1
HG03077,Normal
HG03078,Normal
HG03079,Normal
HG03081,Normal
HG03082,Normal
HG03084,Normal
HG03085,Normal
HG03086,Normal
HG03088,Normal
HG03091,Normal
HG03095,Normal
HG03096,Normal
HG03097,Normal
HG03099,Normal
HG03100,Normal
HG03103,Normal
HG03105,WholeDup1
HG03108,WholeDup1
HG03109,Normal
HG03111,WholeDup1
HG03112,Normal
HG03114,WholeDup1
HG03115,WholeDup1
HG03117,Normal
HG03118,WholeDel1
HG03120,Normal
HG03121,Normal
HG03123,Normal
HG03124,Normal
HG03126,Normal
HG03127,WholeDup1
HG03129,WholeDup1
HG03130,Normal
HG03132,Normal
HG03133,WholeDup1
HG03135,WholeDup1
HG03136,Normal
HG03139,WholeDup1
HG03157,Normal
HG03159,Normal
HG03160,Normal
HG03162,Normal
HG03163,WholeDup1
HG03166,Normal
HG03168,Normal
HG03169,WholeDel1
HG03172,Normal
HG03175,Normal
HG03189,Normal
HG03190,WholeDup1
HG03193,Normal
HG03195,Normal
HG03196,Normal
HG03198,Normal
HG03199,Normal
HG03202,Normal
HG03209,Normal
HG03212,Normal
HG03224,WholeDel1
HG03225,WholeDel1
HG03228,Normal
HG03229,Normal
HG03234,Normal
HG03235,Normal
HG03237,Normal
HG03238,WholeDel1
HG03240,Normal
HG03241,WholeDup1
HG03246,WholeDel1
HG03247,Normal
HG03258,Normal
HG03259,WholeDel1
HG03265,WholeDup1
HG03267,Normal
HG03268,Normal
HG03270,Normal
HG03271,Normal
HG03279,Normal
HG03280,Normal
HG03291,Normal
HG03294,Normal
HG03295,Normal
HG03297,Normal
HG03298,Normal
HG03300,Normal
HG03301,WholeDel1
HG03303,Normal
HG03304,WholeDup1
HG03311,Normal
HG03313,Normal
HG03342,WholeDup1
HG03343,Normal
HG03351,Normal
HG03352,Normal
HG03354,Normal
HG03363,Normal
HG03366,Normal
HG03367,Normal
HG03369,Normal
HG03370,Normal
HG03372,Normal
HG03376,Normal
HG03378,WholeDel1
HG03380,WholeDel1
HG03382,Normal
HG03385,Normal
HG03388,Normal
HG03391,Normal
HG03394,WholeDup1
HG03397,WholeDel1
HG03401,Normal
HG03410,Normal
HG03419,Normal
HG03428,WholeDel1
HG03432,Normal
HG03433,Normal
HG03436,Normal
HG03437,Normal
HG03439,WholeDel1
HG03442,WholeDup1
HG03445,Normal
HG03446,Normal
HG03449,Normal
HG03451,Normal
HG03452,WholeMultip1
HG03455,WholeDel1
HG03457,WholeDup1
HG03458,Normal
HG03460,Normal
HG03461,WholeDel1
HG03464,Normal
HG03469,Normal
HG03470,WholeDup1
HG03472,Normal
HG03473,Normal
HG03476,WholeDel1
HG03478,Normal
HG03479,Normal
HG03484,Normal
HG03485,Normal
HG03488,Normal
HG03490,Normal
HG03491,Normal
HG03499,WholeDup1
HG03511,Normal
HG03514,Normal
HG03515,Normal
HG03517,Normal
HG03518,Normal
HG03520,Normal
HG03521,Normal
HG03538,WholeDup1
HG03539,Normal
HG03547,Normal
HG03548,WholeDel1
HG03556,WholeDel1
HG03557,Normal
HG03558,Normal
HG03559,Normal
HG03563,Normal
HG03565,Normal
HG03567,Normal
HG03571,Normal
HG03572,WholeDel1
HG03575,Normal
HG03577,Normal
HG03578,Normal
HG03583,WholeDup1
HG03585,Normal
HG03589,Normal
HG03593,Normal
HG03594,Normal
HG03595,WholeDel1+Tandem1A
HG03598,Normal
HG03600,Normal
HG03603,Normal
HG03604,Tandem2A
HG03607,Normal
HG03611,WholeDup1
HG03615,Normal
HG03616,Normal
HG03619,Normal
HG03624,WholeDup1
HG03625,Normal
HG03629,Normal
HG03631,Normal
HG03634,WholeDup1
HG03636,Normal
HG03640,Normal
HG03642,Normal
HG03643,Normal
HG03644,Normal
HG03645,WholeDel1
HG03646,Normal
HG03649,Normal
HG03652,Normal
HG03653,Normal
HG03660,Normal
HG03663,Normal
HG03667,Normal
HG03668,Normal
HG03672,Normal
HG03673,Normal
HG03679,Normal
HG03680,Normal
HG03681,Normal
HG03684,Normal
HG03685,Normal
HG03686,Normal
HG03687,Normal
HG03689,Normal
HG03690,Normal
HG03691,Normal
HG03692,Tandem2B
HG03693,Normal
HG03694,Normal
HG03695,Normal
HG03696,Normal
HG03697,Normal
HG03698,Normal
HG03702,Normal
HG03703,Normal
HG03705,Normal
HG03706,Normal
HG03708,Normal
HG03709,Normal
HG03711,Normal
HG03713,Normal
HG03714,Normal
HG03716,Normal
HG03717,Normal
HG03718,Normal
HG03720,WholeDel1
HG03722,WholeDel1
HG03727,Normal
HG03729,Normal
HG03730,Normal
HG03731,Normal
HG03733,Normal
HG03736,Normal
HG03738,Normal
HG03740,Tandem1A
HG03741,Normal
HG03742,Normal
HG03743,Normal
HG03744,WholeDup1
HG03745,Normal
HG03746,Normal
HG03750,Normal
HG03752,Normal
HG03753,Normal
HG03754,Normal
HG03755,Normal
HG03756,Normal
HG03757,Normal
HG03760,Normal
HG03762,Tandem2A
HG03765,Normal
HG03767,Normal
HG03770,Normal
HG03771,Normal
HG03772,Normal
HG03773,Normal
HG03774,Normal
HG03775,Normal
HG03777,Normal
HG03778,Normal
HG03779,Normal
HG03780,Normal
HG03781,Normal
HG03782,Normal
HG03784,Normal
HG03785,Normal
HG03786,Normal
HG03787,Normal
HG03788,Normal
HG03789,Normal
HG03790,Normal
HG03792,Normal
HG03793,Tandem2A
HG03796,WholeDup1
HG03800,Normal
HG03802,Normal
HG03803,WholeDel1+Tandem3
HG03805,Tandem2A
HG03808,WholeDel1
HG03809,Tandem2A
HG03812,Normal
HG03814,Normal
HG03815,Tandem2A
HG03817,Normal
HG03821,Normal
HG03823,Normal
HG03824,Normal
HG03826,Normal
HG03829,Normal
HG03830,Tandem2A
HG03832,Normal
HG03833,Normal
HG03836,Normal
HG03837,Normal
HG03838,Normal
HG03844,Normal
HG03846,Normal
HG03848,Tandem1A
HG03849,WholeDel1
HG03850,Normal
HG03851,Normal
HG03854,WholeDel1
HG03856,Normal
HG03857,WholeDel1
HG03858,Normal
HG03861,Normal
HG03862,Normal
HG03863,Tandem1A
HG03864,Normal
HG03866,Normal
HG03867,Normal
HG03868,Normal
HG03869,Normal
HG03870,Normal
HG03871,Normal
HG03872,Normal
HG03873,Normal
HG03874,Tandem2A
HG03875,Normal
HG03882,Normal
HG03884,Normal
HG03885,Normal
HG03886,Normal
HG03887,Normal
HG03888,Normal
HG03890,Normal
HG03894,Normal
HG03895,Normal
HG03896,WholeDup1
HG03897,Normal
HG03898,Normal
HG03899,Normal
HG03900,Normal
HG03902,Normal
HG03905,Normal
HG03907,Tandem2A
HG03908,WholeDel1
HG03910,Normal
HG03911,Tandem1A
HG03913,Normal
HG03914,Normal
HG03916,Normal
HG03917,Normal
HG03919,Normal
HG03920,Normal
HG03922,Normal
HG03925,Normal
HG03926,Normal
HG03928,Normal
HG03931,Normal
HG03934,Normal
HG03937,WholeDel1
HG03940,Normal
HG03941,Normal
HG03943,Normal
HG03944,WholeDel1
HG03945,Normal
HG03947,Normal
HG03949,Normal
HG03950,WholeDel1
HG03951,Normal
HG03953,Normal
HG03955,Normal
HG03960,Normal
HG03963,Normal
HG03965,Normal
HG03967,Normal
HG03968,Normal
HG03969,Normal
HG03971,Normal
HG03973,Normal
HG03974,Normal
HG03976,Normal
HG03977,Normal
HG03978,Normal
HG03985,Normal
HG03986,Normal
HG03989,Normal
HG03990,Normal
HG03991,Normal
HG03995,Normal
HG03998,Normal
HG03999,Normal
HG04001,Normal
HG04002,Tandem1B
HG04003,WholeDel1
HG04006,Normal
HG04014,Normal
HG04015,WholeDup1
HG04017,Normal
HG04018,Normal
HG04019,Normal
HG04020,Normal
HG04022,Normal
HG04023,WholeDel1
HG04025,WholeDel1
HG04026,Normal
HG04029,Tandem1A
HG04033,Normal
HG04035,Normal
HG04038,Normal
HG04039,Tandem1A
HG04042,Normal
HG04047,Normal
HG04054,Normal
HG04056,Tandem1A
HG04059,Normal
HG04060,Normal
HG04061,Normal
HG04062,Tandem1A
HG04063,Normal
HG04070,Normal
HG04075,Normal
HG04076,Normal
HG04080,Normal
HG04090,Normal
HG04093,Normal
HG04094,Normal
HG04096,Normal
HG04098,Normal
HG04099,Normal
HG04100,Normal
HG04106,Normal
HG04107,WholeDel1
HG04118,Normal
HG04131,Normal
HG04134,Normal
HG04140,Normal
HG04141,Normal
HG04144,Normal
HG04146,Normal
HG04152,WholeDel1
HG04153,Normal
HG04155,Normal
HG04156,WholeDel1
HG04158,Normal
HG04159,Normal
HG04161,Normal
HG04162,Normal
HG04164,Normal
HG04171,Normal
HG04173,Normal
HG04176,Normal
HG04177,Normal
HG04180,Normal
HG04182,Normal
HG04183,Tandem1A
HG04185,Normal
HG04186,Normal
HG04188,Normal
HG04189,Tandem2A
HG04194,Normal
HG04195,Normal
HG04198,Normal
HG04200,Normal
HG04202,Normal
HG04206,Normal
HG04209,Normal
HG04210,Normal
HG04211,Normal
HG04212,Normal
HG04214,Normal
HG04216,Normal
HG04219,Normal
HG04222,Normal
HG04225,Normal
HG04227,Normal
HG04229,Normal
HG04235,Normal
HG04238,Normal
HG04239,Normal
NA06984,Tandem1A
NA06985,WholeDel1
NA06986,Normal
NA06989,Normal
NA06994,Normal
NA07000,Normal
NA07037,Tandem1A
NA07048,Normal
NA07051,Normal
NA07056,Normal
NA07347,Tandem1A
NA07357,Normal
NA10847,Normal
NA10851,Normal
NA11829,WholeDel1
NA11830,Normal
NA11831,Normal
NA11832,Tandem1A
NA11840,Normal
NA11843,Normal
NA11881,Normal
NA11892,Normal
NA11893,Normal
NA11894,Normal
NA11918,Normal
NA11919,Normal
NA11920,Normal
NA11930,Normal
NA11931,WholeDel1
NA11932,WholeDel1
NA11933,Normal
NA11992,Tandem2A
NA11994,WholeDup1
NA11995,Normal
NA12003,Normal
NA12004,Normal
NA12005,Normal
NA12006,Normal
NA12043,Normal
NA12044,Normal
NA12045,Normal
NA12046,Normal
NA12058,Normal
NA12144,Normal
NA12154,Tandem1A
NA12155,WholeDel1
NA12156,Normal
NA12234,Normal
NA12249,Normal
NA12272,Normal
NA12273,Normal
NA12275,WholeDup1+Tandem1A
NA12282,Tandem1B
NA12283,Normal
NA12286,Normal
NA12287,Normal
NA12340,Normal
NA12341,Normal
NA12342,Normal
NA12347,Normal
NA12348,Normal
NA12383,Normal
NA12399,Normal
NA12400,Tandem1A
NA12413,Tandem2A
NA12414,Normal
NA12489,WholeDel1
NA12546,Normal
NA12716,Normal
NA12717,Normal
NA12718,Normal
NA12748,Normal
NA12749,Normal
NA12750,Normal
NA12751,Normal
NA12760,Normal
NA12761,Normal
NA12762,Normal
NA12763,Normal
NA12775,Normal
NA12776,WholeDup1
NA12777,Normal
NA12778,Tandem1A
NA12812,Normal
NA12813,Normal
NA12814,Normal
NA12815,Normal
NA12827,Normal
NA12828,Normal
NA12829,Tandem1A
NA12830,WholeDup1
NA12842,Normal
NA12843,Normal
NA12872,Normal
NA12873,WholeDel1
NA12874,Normal
NA12878,Tandem1A
NA12889,Normal
NA12890,Tandem1B
NA18486,Normal
NA18488,Normal
NA18489,Normal
NA18498,Normal
NA18499,Normal
NA18501,Normal
NA18502,WholeDel1
NA18504,Normal
NA18505,Normal
NA18507,WholeDup1
NA18508,WholeDel1
NA18510,Normal
NA18511,Normal
NA18516,Normal
NA18517,WholeDel1
NA18519,Normal
NA18520,Normal
NA18522,Normal
NA18523,Normal
NA18525,Tandem2A
NA18526,Tandem2B
NA18528,Normal
NA18530,Normal
NA18531,Normal
NA18532,Tandem2B
NA18533,Tandem2A
NA18534,Normal
NA18535,Tandem2A
NA18536,Tandem2A
NA18537,Tandem2A
NA18538,Tandem2A
NA18539,Tandem2A
NA18541,Tandem2A
NA18542,Tandem2A
NA18543,Normal
NA18544,Normal
NA18545,Tandem2B
NA18546,Normal
NA18547,Normal
NA18548,Tandem2B
NA18549,Tandem2A
NA18550,Tandem2B
NA18552,Normal
NA18553,Tandem2A
NA18555,Unknown1
NA18557,Tandem2B
NA18558,Normal
NA18559,Tandem2A
NA18560,Normal
NA18561,Tandem2B
NA18562,Normal
NA18563,Tandem2A
NA18564,Tandem2A
NA18565,Tandem2A
NA18566,Tandem2A
NA18567,Normal
NA18570,Normal
NA18571,Tandem2B
NA18572,Tandem2A
NA18573,Tandem2A
NA18574,Normal
NA18577,Normal
NA18579,Tandem2A
NA18582,WholeDup1
NA18591,Tandem2A
NA18592,Tandem2A
NA18593,Tandem2B
NA18595,Tandem2A
NA18596,Tandem2A
NA18597,Normal
NA18599,Tandem2B
NA18602,Tandem2A
NA18603,Tandem2B
NA18605,Tandem2A
NA18606,Normal
NA18608,Normal
NA18609,Tandem2A
NA18610,Tandem2B
NA18611,Normal
NA18612,Tandem2A
NA18613,Normal
NA18614,Normal
NA18615,Tandem2A
NA18616,Tandem2A
NA18617,Tandem2B
NA18618,Tandem2A
NA18619,Tandem2B
NA18620,Normal
NA18621,Tandem2A
NA18622,Normal
NA18623,Tandem2A
NA18624,Tandem2A
NA18625,Tandem2B
NA18626,Normal
NA18627,Normal
NA18628,Normal
NA18629,Normal
NA18630,Tandem2A
NA18631,Normal
NA18632,Tandem2B
NA18633,Tandem2B
NA18634,Tandem2A
NA18635,Tandem2A
NA18636,Tandem2A
NA18637,Normal
NA18638,Tandem2B
NA18639,Tandem2B
NA18640,Normal
NA18641,Tandem2A
NA18642,Tandem2B
NA18643,Tandem2A
NA18644,Tandem2A
NA18645,Normal
NA18646,Normal
NA18647,Normal
NA18648,Normal
NA18740,Normal
NA18745,Normal
NA18747,Tandem2A
NA18748,Tandem2B
NA18749,Tandem2B
NA18757,Tandem2B
NA18853,WholeDel1
NA18856,WholeDup1
NA18858,Normal
NA18861,WholeDel1
NA18864,Normal
NA18865,Normal
NA18867,Normal
NA18868,WholeDel1
NA18870,WholeDup1
NA18871,Normal
NA18873,WholeDel1
NA18874,Normal
NA18876,Normal
NA18877,Normal
NA18878,Normal
NA18879,Normal
NA18881,Normal
NA18907,WholeDup1
NA18908,Normal
NA18909,WholeMultip1
NA18910,WholeDel1
NA18912,Normal
NA18915,Normal
NA18916,Normal
NA18917,Normal
NA18923,WholeDup1
NA18924,WholeDup1
NA18933,WholeDel1
NA18934,Normal
NA18939,Tandem2A
NA18940,Normal
NA18941,Tandem2A
NA18942,Normal
NA18943,Normal
NA18944,Tandem2B
NA18945,WholeDel1
NA18946,Normal
NA18947,Tandem2A
NA18948,Tandem2B
NA18949,Tandem2A
NA18950,Tandem2A
NA18951,Tandem2A
NA18952,Normal
NA18953,Normal
NA18954,Tandem2B
NA18956,Tandem2A
NA18957,Normal
NA18959,Tandem2A
NA18960,Tandem2B
NA18961,Tandem2A
NA18962,Normal
NA18963,Tandem2A
NA18964,Tandem2A
NA18965,Tandem2A
NA18966,Normal
NA18967,Tandem2A
NA18968,Tandem2A
NA18969,Normal
NA18970,Tandem2A
NA18971,Normal
NA18972,Tandem2A
NA18973,Normal
NA18974,WholeDel1
NA18975,WholeDel1
NA18976,Tandem2A
NA18977,Normal
NA18978,Tandem2A
NA18979,WholeDup1
NA18980,Tandem2A
NA18981,Tandem2A
NA18982,WholeDel1
NA18983,Normal
NA18984,Tandem2A
NA18985,Tandem2B
NA18986,Tandem2A
NA18987,Tandem2A
NA18988,Normal
NA18989,Normal
NA18990,Tandem2A
NA18991,Normal
NA18992,WholeDel1
NA18993,Normal
NA18994,Tandem2A
NA18995,Tandem2A
NA18997,WholeDel1
NA18998,Normal
NA18999,Normal
NA19000,WholeDel1
NA19001,Normal
NA19002,Normal
NA19003,Normal
NA19004,Normal
NA19005,Normal
NA19006,Normal
NA19007,Normal
NA19009,Normal
NA19010,Normal
NA19011,Normal
NA19012,Normal
NA19017,Tandem1B
NA19019,Normal
NA19020,Normal
NA19023,Normal
NA19024,Normal
NA19025,Normal
NA19026,Normal
NA19027,Normal
NA19028,Normal
NA19030,Normal
NA19031,Normal
NA19035,WholeDel1
NA19036,WholeDel1
NA19037,Normal
NA19038,Normal
NA19041,Normal
NA19042,Normal
NA19043,Normal
NA19054,Tandem2A
NA19055,Normal
NA19056,Normal
NA19057,Normal
NA19058,Tandem2B
NA19059,Normal
NA19060,Tandem2A
NA19062,Normal
NA19063,Tandem2B
NA19064,Normal
NA19065,Tandem2A
NA19066,Normal
NA19067,Tandem2A
NA19068,Tandem2A
NA19070,Tandem2A
NA19072,Normal
NA19074,WholeDel1
NA19075,WholeDup1
NA19076,Tandem2A
NA19077,Normal
NA19078,Tandem2B
NA19079,Normal
NA19080,Normal
NA19081,Tandem2A
NA19082,Tandem2B
NA19083,WholeDel1
NA19084,Normal
NA19085,Normal
NA19086,Tandem2A
NA19087,WholeDel1
NA19088,Normal
NA19089,Normal
NA19090,Tandem2A
NA19091,Normal
NA19092,Normal
NA19093,WholeDel1
NA19095,Normal
NA19096,Normal
NA19098,Normal
NA19099,Normal
NA19102,Normal
NA19107,Normal
NA19108,WholeDup1
NA19113,Normal
NA19114,Normal
NA19116,Normal
NA19117,Normal
NA19118,Normal
NA19119,Normal
NA19121,WholeDup1
NA19129,Normal
NA19130,Normal
NA19131,Normal
NA19137,WholeDup1
NA19138,WholeDel1
NA19141,Normal
NA19143,Normal
NA19144,Normal
NA19146,WholeDup1
NA19147,Normal
NA19149,Normal
NA19152,WholeDup1
NA19153,Normal
NA19159,Normal
NA19160,Normal
NA19171,WholeDup1
NA19172,Normal
NA19175,WholeMultip1
NA19184,WholeDup1
NA19185,Normal
NA19189,WholeDup1
NA19190,WholeMultip1
NA19197,Normal
NA19198,Normal
NA19200,WholeDel1
NA19201,Normal
NA19204,Normal
NA19206,Normal
NA19207,WholeDup1
NA19209,WholeDel1
NA19210,Normal
NA19213,Normal
NA19214,Normal
NA19222,Normal
NA19223,Normal
NA19225,Normal
NA19235,Normal
NA19236,Normal
NA19238,Normal
NA19239,Normal
NA19247,Normal
NA19248,Normal
NA19256,WholeDel1
NA19257,Normal
NA19307,Normal
NA19308,WholeDup1
NA19309,Normal
NA19310,Normal
NA19312,Normal
NA19314,WholeDel1
NA19315,Normal
NA19316,ParalogPartialDel1
NA19317,WholeDel1Hom
NA19318,Normal
NA19319,Normal
NA19320,Normal
NA19321,Normal
NA19323,Normal
NA19324,Normal
NA19327,Normal
NA19328,Normal
NA19331,Normal
NA19332,WholeDup1
NA19334,Normal
NA19338,WholeDel1
NA19346,Normal
NA19347,Normal
NA19350,Normal
NA19351,Normal
NA19355,Normal
NA19360,Normal
NA19372,Normal
NA19374,Normal
NA19375,Normal
NA19376,Normal
NA19377,Normal
NA19378,WholeDup1
NA19379,Normal
NA19380,Normal
NA19383,Normal
NA19384,Normal
NA19385,Normal
NA19390,Normal
NA19391,Normal
NA19393,WholeDup1
NA19394,Normal
NA19395,Normal
NA19397,Normal
NA19399,Normal
NA19401,Normal
NA19403,Normal
NA19404,Normal
NA19428,Normal
NA19429,Normal
NA19430,WholeDel1
NA19431,Normal
NA19434,Normal
NA19435,Normal
NA19436,Normal
NA19437,Normal
NA19438,Normal
NA19439,Normal
NA19440,Normal
NA19443,Normal
NA19445,Normal
NA19446,Normal
NA19448,Normal
NA19449,Normal
NA19451,Normal
NA19452,WholeDup1
NA19454,Normal
NA19455,Normal
NA19456,Tandem1A
NA19457,Normal
NA19461,WholeDel1
NA19462,Tandem1A
NA19463,Normal
NA19466,Normal
NA19467,Normal
NA19468,Normal
NA19471,WholeDel1
NA19472,Normal
NA19473,Normal
NA19474,Normal
NA19475,Normal
NA19625,Normal
NA19648,Normal
NA19649,WholeDup1+Tandem1A
NA19651,Normal
NA19652,Normal
NA19654,Normal
NA19655,Normal
NA19657,Normal
NA19658,Normal
NA19661,Normal
NA19663,Normal
NA19664,Tandem1A
NA19669,Normal
NA19670,Normal
NA19676,Normal
NA19678,Normal
NA19679,Normal
NA19681,Tandem1A
NA19682,Normal
NA19684,Normal
NA19700,Normal
NA19701,Normal
NA19703,WholeDup1
NA19704,Normal
NA19707,Tandem1A
NA19711,Normal
NA19712,Normal
NA19713,WholeDup1
NA19716,Normal
NA19717,Normal
NA19719,Tandem4
NA19720,Normal
NA19722,Normal
NA19723,WholeDup1
NA19725,Tandem1A
NA19726,Normal
NA19728,Normal
NA19729,Normal
NA19731,Normal
NA19732,Normal
NA19734,Normal
NA19735,Normal
NA19740,Tandem1A
NA19741,Normal
NA19746,Normal
NA19747,Normal
NA19749,Normal
NA19750,Normal
NA19752,WholeDup1
NA19755,Normal
NA19756,Normal
NA19758,Normal
NA19759,Normal
NA19761,WholeDup1
NA19762,Normal
NA19764,Normal
NA19770,Normal
NA19771,Normal
NA19773,Tandem1A
NA19774,Normal
NA19776,Tandem2A
NA19777,Normal
NA19779,Normal
NA19780,Normal
NA19782,Normal
NA19783,WholeDel1
NA19785,Tandem3
NA19786,Normal
NA19788,Tandem4
NA19789,Normal
NA19792,Normal
NA19794,Normal
NA19795,Normal
NA19818,Normal
NA19819,WholeDup1
NA19834,Normal
NA19835,Normal
NA19900,Normal
NA19901,Normal
NA19904,Normal
NA19908,Normal
NA19909,WholeDup1
NA19913,Normal
NA19914,Normal
NA19916,Normal
NA19917,Normal
NA19920,WholeDup1
NA19921,WholeDel1
NA19922,Normal
NA19923,Normal
NA19982,Unknown2
NA19984,Normal
NA20126,Normal
NA20127,WholeDel1
NA20274,Normal
NA20276,Normal
NA20278,Normal
NA20281,WholeDel1
NA20282,Normal
NA20287,Normal
NA20289,Normal
NA20291,Normal
NA20294,Normal
NA20296,Normal
NA20298,Normal
NA20299,Normal
NA20314,Normal
NA20317,WholeDel1
NA20318,WholeDel1
NA20320,WholeDel1
NA20321,WholeDel1
NA20332,Normal
NA20334,Normal
NA20339,Normal
NA20340,Normal
NA20342,Normal
NA20346,Normal
NA20348,Normal
NA20351,Normal
NA20355,WholeDel1
NA20356,Normal
NA20357,WholeDel1
NA20359,WholeDup1
NA20362,WholeDup1
NA20412,Normal
NA20502,Normal
NA20503,Normal
NA20504,Tandem1B
NA20505,Normal
NA20506,Normal
NA20507,Tandem1A
NA20508,Normal
NA20509,Normal
NA20510,Normal
NA20511,Normal
NA20512,Normal
NA20513,Normal
NA20514,Normal
NA20515,Normal
NA20516,WholeDup1
NA20517,Normal
NA20518,Normal
NA20519,Normal
NA20520,Normal
NA20521,Normal
NA20522,Normal
NA20524,Normal
NA20525,Normal
NA20527,Normal
NA20528,Normal
NA20529,Normal
NA20530,WholeDel1
NA20531,Normal
NA20532,Tandem1A
NA20533,Normal
NA20534,Normal
NA20535,WholeDup1
NA20536,Normal
NA20538,Normal
NA20539,Tandem2A
NA20540,Normal
NA20541,Normal
NA20542,Normal
NA20543,Normal
NA20544,Normal
NA20581,Tandem1A
NA20582,Normal
NA20585,Normal
NA20586,WholeDup1
NA20587,Normal
NA20588,Normal
NA20589,Normal
NA20752,Normal
NA20753,Normal
NA20754,WholeDel1
NA20755,Normal
NA20756,Tandem1A
NA20757,WholeDup1
NA20758,Normal
NA20759,Normal
NA20760,Normal
NA20761,Normal
NA20762,Normal
NA20763,Tandem1A
NA20764,WholeDel1
NA20765,Normal
NA20766,Tandem1A
NA20767,Normal
NA20768,Normal
NA20769,Normal
NA20770,Normal
NA20771,Tandem1A
NA20772,Normal
NA20773,Normal
NA20774,WholeDup1
NA20775,Tandem1A
NA20778,Normal
NA20783,Normal
NA20785,Tandem1A
NA20786,WholeDel1
NA20787,Normal
NA20790,Tandem1A
NA20792,Normal
NA20795,Normal
NA20796,Normal
NA20797,Tandem1A
NA20798,Normal
NA20799,Normal
NA20800,WholeDup1
NA20801,Normal
NA20802,Normal
NA20803,Normal
NA20804,Normal
NA20805,Tandem1A
NA20806,Normal
NA20807,Normal
NA20808,Tandem1B
NA20809,Normal
NA20810,Normal
NA20811,Normal
NA20812,Normal
NA20813,Normal
NA20814,Normal
NA20815,Normal
NA20818,Normal
NA20819,Normal
NA20821,Normal
NA20822,Normal
NA20826,Normal
NA20827,Tandem1A
NA20828,Normal
NA20832,Normal
NA20845,Normal
NA20846,Normal
NA20847,Normal
NA20849,Normal
NA20850,Normal
NA20851,Normal
NA20852,Normal
NA20853,Normal
NA20854,Normal
NA20856,Normal
NA20858,Normal
NA20859,Normal
NA20861,Normal
NA20862,Normal
NA20863,WholeDel1
NA20864,Normal
NA20866,Normal
NA20867,Normal
NA20868,Normal
NA20869,Normal
NA20870,Normal
NA20872,Normal
NA20874,Normal
NA20875,Normal
NA20876,Normal
NA20877,Normal
NA20878,Normal
NA20881,Normal
NA20882,WholeDel1
NA20884,Normal
NA20885,Normal
NA20886,Normal
NA20887,Normal
NA20888,Normal
NA20889,Normal
NA20890,Normal
NA20891,Normal
NA20892,Normal
NA20894,Normal
NA20895,Normal
NA20896,Normal
NA20897,Tandem1A
NA20899,Normal
NA20900,WholeDel1
NA20901,WholeDup1
NA20902,Normal
NA20903,WholeDel1
NA20904,Normal
NA20905,Normal
NA20906,Normal
NA20908,Normal
NA20910,Normal
NA20911,Normal
NA21086,Normal
NA21087,Normal
NA21088,Normal
NA21089,Normal
NA21090,Normal
NA21091,Tandem1A
NA21092,Normal
NA21093,Normal
NA21094,Normal
NA21095,Normal
NA21097,Tandem1A
NA21098,Normal
NA21099,Normal
NA21100,Normal
NA21101,Normal
NA21102,Normal
NA21103,Normal
NA21104,Normal
NA21105,Normal
NA21106,Normal
NA21107,Normal
NA21108,Normal
NA21109,Normal
NA21110,Normal
NA21111,Normal
NA21112,Normal
NA21113,Tandem1A
NA21114,Normal
NA21115,Normal
NA21116,Normal
NA21117,Normal
NA21118,Tandem1A
NA21119,Normal
NA21120,Normal
NA21122,Normal
NA21123,Normal
NA21124,Normal
NA21125,Normal
NA21126,Normal
NA21127,Normal
NA21128,Normal
NA21129,Tandem1A
NA21130,Normal
NA21133,Normal
NA21135,Tandem1A
NA21137,Normal
NA21141,Normal
NA21142,Normal
NA21143,Normal
NA21144,Normal
